{
  "version": "7",
  "dialect": "sqlite",
  "entries": [
    {
      "idx": 0,
      "version": "6",
      "when": 1762347652649,
      "tag": "0000_acoustic_marrow",
      "breakpoints": true
    },
    {
      "idx": 1,
      "version": "6",
      "when": 1762349597178,
      "tag": "0001_gifted_phil_sheldon",
      "breakpoints": true
    },
    {
      "idx": 2,
      "version": "6",
      "when": 1762355154305,
      "tag": "0002_normal_talkback",
      "breakpoints": true
    },
    {
      "idx": 3,
      "version": "6",
      "when": 1762429370382,
      "tag": "0003_aberrant_network",
      "breakpoints": true
    }
  ]
}